"Date ","series ","OPEN ","HIGH ","LOW ","PREV. CLOSE ","ltp ","close ","vwap ","52W H ","52W L ","VOLUME ","VALUE ","No of trades "
"18-Jul-2025","EQ","1,484.80","1,484.80","1,469.10","1,476.40","1,476.00","1,476.00","1,475.20","3,211.70","1,114.85","1,02,96,318","15,18,91,04,342.00","2,22,241"
"17-Jul-2025","EQ","1,487.40","1,489.60","1,473.90","1,485.60","1,478.70","1,476.40","1,479.78","3,211.70","1,114.85","1,18,54,613","17,54,22,05,685.80","1,89,733"
"16-Jul-2025","EQ","1,473.00","1,491.00","1,471.50","1,485.40","1,486.20","1,485.60","1,481.43","3,211.70","1,114.85","1,04,09,983","15,42,16,36,574.60","1,91,598"
"15-Jul-2025","EQ","1,486.20","1,496.50","1,482.40","1,483.70","1,488.50","1,485.40","1,487.92","3,211.70","1,114.85","81,32,454","12,10,04,48,372.90","1,73,756"
"14-Jul-2025","EQ","1,492.20","1,500.00","1,479.10","1,495.20","1,486.40","1,483.70","1,487.76","3,211.70","1,114.85","1,03,11,846","15,34,15,29,534.70","1,86,122"
"11-Jul-2025","EQ","1,512.00","1,515.00","1,490.30","1,517.20","1,495.00","1,495.20","1,496.06","3,217.60","1,114.85","72,34,991","10,82,39,82,872.20","1,78,490"
"10-Jul-2025","EQ","1,519.70","1,524.70","1,507.50","1,519.00","1,515.20","1,517.20","1,516.20","3,217.60","1,114.85","1,00,47,129","15,23,34,58,376.40","2,89,035"
"09-Jul-2025","EQ","1,536.70","1,551.00","1,510.10","1,537.60","1,520.50","1,519.00","1,532.97","3,217.60","1,114.85","88,70,660","13,59,84,41,338.60","2,54,524"
"08-Jul-2025","EQ","1,536.00","1,544.90","1,530.20","1,541.50","1,538.00","1,537.60","1,536.23","3,217.60","1,114.85","71,71,261","11,01,66,84,351.60","1,91,265"
"07-Jul-2025","EQ","1,526.60","1,544.80","1,525.00","1,527.30","1,540.50","1,541.50","1,539.06","3,217.60","1,114.85","72,51,074","11,15,98,58,745.50","2,05,134"
"04-Jul-2025","EQ","1,524.00","1,530.00","1,517.20","1,517.80","1,528.10","1,527.30","1,523.57","3,217.60","1,114.85","66,03,501","10,06,09,08,691.00","1,67,255"
"03-Jul-2025","EQ","1,520.80","1,531.90","1,513.00","1,518.80","1,515.00","1,517.80","1,520.57","3,217.60","1,114.85","1,12,83,291","17,15,69,79,936.80","2,58,008"
"02-Jul-2025","EQ","1,528.40","1,530.00","1,508.70","1,528.40","1,517.10","1,518.80","1,518.29","3,217.60","1,114.85","63,61,002","9,65,78,44,399.40","1,83,873"
"01-Jul-2025","EQ","1,500.60","1,531.40","1,500.10","1,500.60","1,526.80","1,528.40","1,522.95","3,217.60","1,114.85","1,03,68,523","15,79,07,50,945.40","2,32,573"
"30-Jun-2025","EQ","1,513.80","1,524.80","1,496.00","1,515.40","1,499.90","1,500.60","1,509.28","3,217.60","1,114.85","84,09,527","12,69,23,29,820.10","2,42,195"
"27-Jun-2025","EQ","1,499.40","1,522.00","1,496.90","1,495.30","1,514.00","1,515.40","1,511.99","3,217.60","1,114.85","1,11,17,052","16,80,89,08,375.40","2,69,877"
"26-Jun-2025","EQ","1,469.10","1,498.80","1,465.10","1,467.30","1,495.30","1,495.30","1,488.16","3,217.60","1,114.85","1,46,57,893","21,81,33,25,246.10","2,47,215"
"25-Jun-2025","EQ","1,464.00","1,472.40","1,460.50","1,450.80","1,467.60","1,467.30","1,467.46","3,217.60","1,114.85","75,25,851","11,04,38,61,535.40","1,97,720"
"24-Jun-2025","EQ","1,465.00","1,475.00","1,443.10","1,456.80","1,456.80","1,450.80","1,456.68","3,217.60","1,114.85","1,64,02,744","23,89,35,22,923.20","2,84,313"
"23-Jun-2025","EQ","1,453.00","1,463.80","1,442.00","1,466.20","1,456.00","1,456.80","1,453.48","3,217.60","1,114.85","59,89,078","8,70,50,05,211.50","2,26,309"
"20-Jun-2025","EQ","1,431.00","1,471.00","1,428.10","1,433.30","1,464.10","1,466.20","1,462.68","3,217.60","1,114.85","2,90,10,635","42,43,33,00,495.60","2,76,278"
"19-Jun-2025","EQ","1,430.10","1,439.90","1,425.70","1,430.10","1,428.00","1,433.30","1,433.80","3,217.60","1,114.85","1,00,07,230","14,34,83,70,217.60","1,79,473"
"18-Jun-2025","EQ","1,430.00","1,442.80","1,425.70","1,431.20","1,429.70","1,430.10","1,431.31","3,217.60","1,114.85","66,81,735","9,56,36,29,434.00","1,38,211"
"17-Jun-2025","EQ","1,448.00","1,448.00","1,425.80","1,437.80","1,430.00","1,431.20","1,432.15","3,217.60","1,114.85","1,03,66,599","14,84,65,17,402.40","1,91,173"
"16-Jun-2025","EQ","1,426.90","1,442.40","1,424.40","1,427.90","1,436.90","1,437.80","1,436.42","3,217.60","1,114.85","84,58,093","12,14,94,12,490.70","2,13,623"
"13-Jun-2025","EQ","1,424.00","1,435.50","1,414.30","1,441.60","1,427.50","1,427.90","1,423.95","3,217.60","1,114.85","97,57,276","13,89,39,05,321.30","2,02,256"
"12-Jun-2025","EQ","1,453.50","1,457.00","1,434.40","1,448.90","1,439.50","1,441.60","1,444.32","3,217.60","1,114.85","88,28,114","12,75,06,12,321.30","1,90,194"
"11-Jun-2025","EQ","1,445.80","1,468.60","1,443.10","1,438.50","1,448.00","1,448.90","1,456.11","3,217.60","1,114.85","81,95,700","11,93,38,50,942.70","1,84,593"
"10-Jun-2025","EQ","1,450.00","1,453.90","1,436.00","1,448.80","1,437.30","1,438.50","1,442.59","3,217.60","1,114.85","79,13,181","11,41,54,76,580.50","1,67,203"
"09-Jun-2025","EQ","1,457.00","1,457.50","1,445.30","1,443.50","1,447.20","1,448.80","1,449.95","3,217.60","1,114.85","78,85,125","11,43,30,33,631.80","1,59,916"
"06-Jun-2025","EQ","1,441.00","1,451.50","1,437.00","1,442.40","1,443.00","1,443.50","1,444.22","3,217.60","1,114.85","81,82,161","11,81,68,75,426.10","1,79,734"
"05-Jun-2025","EQ","1,428.00","1,454.70","1,423.60","1,423.50","1,442.70","1,442.40","1,442.72","3,217.60","1,114.85","1,37,16,817","19,78,94,68,217.00","3,04,069"
"04-Jun-2025","EQ","1,414.70","1,425.70","1,406.10","1,405.50","1,421.00","1,423.50","1,415.78","3,217.60","1,114.85","81,26,827","11,50,58,06,730.50","1,52,064"
"03-Jun-2025","EQ","1,422.30","1,426.50","1,403.40","1,413.70","1,405.40","1,405.50","1,412.34","3,217.60","1,114.85","1,12,52,626","15,89,25,72,174.10","2,30,110"
"02-Jun-2025","EQ","1,412.10","1,417.50","1,395.60","1,420.90","1,412.60","1,413.70","1,407.75","3,217.60","1,114.85","80,98,668","11,40,08,64,785.00","1,89,977"
"30-May-2025","EQ","1,418.00","1,430.60","1,409.70","1,417.80","1,417.90","1,420.90","1,419.89","3,217.60","1,114.85","1,37,88,484","19,57,81,54,095.00","1,55,127"
"29-May-2025","EQ","1,412.10","1,420.00","1,408.60","1,412.90","1,419.50","1,417.80","1,414.72","3,217.60","1,114.85","1,37,71,917","19,48,34,24,681.60","2,65,116"
"28-May-2025","EQ","1,420.10","1,422.60","1,410.70","1,422.10","1,412.80","1,412.90","1,414.99","3,217.60","1,114.85","59,44,611","8,41,15,75,745.50","1,69,185"
"27-May-2025","EQ","1,426.10","1,437.00","1,413.90","1,434.80","1,424.20","1,422.10","1,421.81","3,217.60","1,114.85","1,26,40,414","17,97,22,11,281.70","2,11,047"
"26-May-2025","EQ","1,432.00","1,441.00","1,425.10","1,426.80","1,435.90","1,434.80","1,437.16","3,217.60","1,114.85","48,42,944","6,96,01,05,851.40","1,71,837"
"23-May-2025","EQ","1,406.60","1,433.80","1,406.60","1,409.40","1,426.00","1,426.80","1,424.63","3,217.60","1,114.85","64,74,883","9,22,43,12,172.60","1,35,371"
"22-May-2025","EQ","1,421.20","1,423.80","1,396.90","1,429.20","1,411.50","1,409.40","1,406.85","3,217.60","1,114.85","1,21,34,466","17,07,14,02,011.90","2,28,031"
"21-May-2025","EQ","1,423.90","1,436.20","1,418.10","1,424.60","1,428.20","1,429.20","1,427.75","3,217.60","1,114.85","61,36,364","8,76,12,09,045.90","2,32,529"
"20-May-2025","EQ","1,438.20","1,445.00","1,421.80","1,440.80","1,424.50","1,424.60","1,429.91","3,217.60","1,114.85","1,12,70,560","16,11,59,06,328.30","1,82,531"
"19-May-2025","EQ","1,452.10","1,454.60","1,438.20","1,456.40","1,442.90","1,440.80","1,443.67","3,217.60","1,114.85","61,95,791","8,94,47,05,922.30","1,44,606"
"16-May-2025","EQ","1,453.20","1,461.00","1,447.30","1,454.20","1,454.80","1,456.40","1,455.16","3,217.60","1,114.85","90,36,695","13,14,97,97,875.40","1,96,322"
"15-May-2025","EQ","1,425.00","1,461.40","1,412.70","1,424.40","1,453.00","1,454.20","1,441.41","3,217.60","1,114.85","2,01,77,211","29,08,36,83,834.80","3,14,261"
"14-May-2025","EQ","1,420.00","1,429.90","1,415.50","1,415.70","1,425.20","1,424.40","1,423.31","3,217.60","1,114.85","55,70,160","7,92,80,45,614.70","1,45,014"
"13-May-2025","EQ","1,433.50","1,447.70","1,412.40","1,436.50","1,416.50","1,415.70","1,423.23","3,217.60","1,114.85","1,14,07,896","16,23,61,02,678.90","2,81,992"
"12-May-2025","EQ","1,400.00","1,439.00","1,400.00","1,377.20","1,436.90","1,436.50","1,426.35","3,217.60","1,114.85","1,06,74,081","15,22,49,70,250.50","3,10,602"
"09-May-2025","EQ","1,385.50","1,394.80","1,374.50","1,407.00","1,379.50","1,377.20","1,382.39","3,217.60","1,114.85","1,36,68,904","18,89,57,51,340.10","3,88,013"
"08-May-2025","EQ","1,404.10","1,420.80","1,398.00","1,406.00","1,398.00","1,407.00","1,410.51","3,217.60","1,114.85","1,61,06,175","22,71,78,78,064.30","2,31,342"
"07-May-2025","EQ","1,420.90","1,424.40","1,402.70","1,420.90","1,405.90","1,406.00","1,412.79","3,217.60","1,114.85","1,34,40,169","18,98,81,26,278.30","2,22,903"
"06-May-2025","EQ","1,431.00","1,432.00","1,410.60","1,431.30","1,418.00","1,420.90","1,419.01","3,217.60","1,114.85","1,40,84,117","19,98,55,59,677.40","2,26,761"
"05-May-2025","EQ","1,431.00","1,439.50","1,426.90","1,422.40","1,430.00","1,431.30","1,432.00","3,217.60","1,114.85","1,26,85,649","18,16,58,43,553.00","2,04,503"
"02-May-2025","EQ","1,414.00","1,426.70","1,409.10","1,405.00","1,422.50","1,422.40","1,419.65","3,217.60","1,114.85","1,75,35,402","24,89,41,40,200.00","3,78,385"
"30-Apr-2025","EQ","1,402.00","1,412.40","1,369.00","1,399.70","1,395.00","1,405.00","1,404.87","3,217.60","1,114.85","2,54,80,745","35,79,72,20,282.00","5,98,769"
"29-Apr-2025","EQ","1,371.00","1,410.90","1,370.00","1,368.80","1,398.90","1,399.70","1,395.77","3,217.60","1,114.85","3,25,38,970","45,41,70,61,104.50","6,80,195"
"28-Apr-2025","EQ","1,340.00","1,374.60","1,320.20","1,300.40","1,366.30","1,368.80","1,355.02","3,217.60","1,114.85","3,11,04,496","42,14,71,23,069.00","8,93,347"
"25-Apr-2025","EQ","1,303.50","1,325.20","1,288.10","1,301.60","1,301.00","1,300.40","1,303.30","3,217.60","1,114.85","1,44,31,012","18,80,79,07,514.70","3,07,093"
"24-Apr-2025","EQ","1,292.40","1,304.50","1,290.30","1,300.00","1,303.50","1,301.60","1,298.32","3,217.60","1,114.85","1,04,68,940","13,59,20,84,385.00","1,81,309"
"23-Apr-2025","EQ","1,297.00","1,306.00","1,285.40","1,291.20","1,297.00","1,300.00","1,297.08","3,217.60","1,114.85","1,04,80,888","13,59,45,97,555.00","2,32,149"
"22-Apr-2025","EQ","1,300.00","1,303.90","1,286.30","1,295.50","1,289.00","1,291.20","1,295.99","3,217.60","1,114.85","1,30,51,707","16,91,49,00,850.30","2,29,331"
"21-Apr-2025","EQ","1,270.00","1,300.90","1,267.00","1,274.50","1,295.20","1,295.50","1,291.47","3,217.60","1,114.85","1,04,29,964","13,46,99,49,890.00","2,57,857"
"17-Apr-2025","EQ","1,240.20","1,280.20","1,227.60","1,239.30","1,273.00","1,274.50","1,260.38","3,217.60","1,114.85","1,53,98,401","19,40,78,71,411.00","3,21,235"
"16-Apr-2025","EQ","1,234.10","1,240.90","1,229.00","1,240.10","1,238.00","1,239.30","1,235.61","3,217.60","1,114.85","82,48,464","10,19,18,64,641.70","1,64,065"
"15-Apr-2025","EQ","1,251.00","1,251.00","1,237.10","1,218.95","1,239.60","1,240.10","1,242.83","3,217.60","1,114.85","1,33,78,535","16,62,71,77,949.10","1,99,888"
"11-Apr-2025","EQ","1,195.15","1,222.65","1,195.15","1,185.35","1,220.00","1,218.95","1,214.05","3,217.60","1,114.85","1,12,24,242","13,62,68,31,085.65","1,87,059"
"09-Apr-2025","EQ","1,169.50","1,189.80","1,168.00","1,182.20","1,187.50","1,185.35","1,183.08","3,217.60","1,114.85","1,02,23,104","12,09,47,49,463.20","1,93,325"
"08-Apr-2025","EQ","1,172.00","1,196.60","1,163.30","1,165.70","1,181.05","1,182.20","1,179.50","3,217.60","1,114.85","1,95,55,040","23,06,52,09,423.00","3,14,171"
"07-Apr-2025","EQ","1,132.20","1,171.25","1,114.85","1,204.70","1,171.25","1,165.70","1,150.54","3,217.60","1,114.85","2,21,56,106","25,49,15,01,838.90","6,77,564"
"04-Apr-2025","EQ","1,241.10","1,245.45","1,193.15","1,248.70","1,205.90","1,204.70","1,206.62","3,217.60","1,156.00","1,79,08,652","21,60,89,77,995.10","5,42,347"
"03-Apr-2025","EQ","1,233.05","1,251.80","1,233.05","1,251.15","1,248.50","1,248.70","1,246.31","3,217.60","1,156.00","74,34,366","9,26,55,30,670.85","1,46,316"
"02-Apr-2025","EQ","1,247.55","1,255.55","1,243.90","1,252.60","1,252.00","1,251.15","1,251.04","3,217.60","1,156.00","1,01,42,590","12,68,88,02,512.15","1,77,979"
"01-Apr-2025","EQ","1,264.60","1,277.90","1,249.30","1,275.10","1,254.00","1,252.60","1,260.72","3,217.60","1,156.00","1,20,99,648","15,25,42,61,046.80","2,60,862"
"28-Mar-2025","EQ","1,280.00","1,295.75","1,269.00","1,278.20","1,274.00","1,275.10","1,278.15","3,217.60","1,156.00","1,81,47,129","23,19,47,74,030.90","2,65,113"
"27-Mar-2025","EQ","1,278.15","1,285.00","1,271.30","1,273.05","1,280.00","1,278.20","1,278.90","3,217.60","1,156.00","1,50,28,056","19,21,93,99,902.90","2,24,828"
"26-Mar-2025","EQ","1,291.00","1,293.80","1,268.75","1,285.45","1,270.90","1,273.05","1,279.04","3,217.60","1,156.00","1,20,74,747","15,44,40,62,345.35","2,92,138"
"25-Mar-2025","EQ","1,307.70","1,307.70","1,282.60","1,302.10","1,285.25","1,285.45","1,290.63","3,217.60","1,156.00","1,37,13,899","17,69,95,68,389.85","2,71,251"
"24-Mar-2025","EQ","1,291.00","1,306.00","1,284.25","1,276.35","1,302.65","1,302.10","1,297.38","3,217.60","1,156.00","2,02,99,319","26,33,59,01,171.15","3,47,056"
"21-Mar-2025","EQ","1,275.00","1,281.00","1,270.10","1,269.15","1,277.50","1,276.35","1,276.34","3,217.60","1,156.00","2,17,80,769","27,79,96,53,516.40","2,30,001"
"20-Mar-2025","EQ","1,251.85","1,273.00","1,250.05","1,247.15","1,268.20","1,269.15","1,262.54","3,217.60","1,156.00","1,59,71,477","20,16,45,61,988.35","2,19,527"
"19-Mar-2025","EQ","1,241.05","1,253.25","1,238.80","1,238.80","1,248.00","1,247.15","1,247.22","3,217.60","1,156.00","1,61,62,399","20,15,80,06,340.60","2,17,782"
"18-Mar-2025","EQ","1,244.70","1,248.35","1,235.00","1,238.85","1,239.95","1,238.80","1,238.98","3,217.60","1,156.00","1,57,45,877","19,50,88,93,454.65","3,12,315"
"17-Mar-2025","EQ","1,242.15","1,257.40","1,233.10","1,247.90","1,241.55","1,238.85","1,239.76","3,217.60","1,156.00","1,66,40,952","20,63,08,43,725.15","2,69,824"
"13-Mar-2025","EQ","1,260.05","1,264.15","1,243.85","1,257.05","1,246.65","1,247.90","1,254.23","3,217.60","1,156.00","95,05,270","11,92,17,66,653.80","1,94,588"
"12-Mar-2025","EQ","1,258.00","1,263.00","1,244.00","1,247.30","1,255.95","1,257.05","1,252.97","3,217.60","1,156.00","1,19,77,555","15,00,75,14,668.90","1,61,536"
"11-Mar-2025","EQ","1,240.00","1,249.50","1,229.75","1,238.40","1,247.25","1,247.30","1,241.71","3,217.60","1,156.00","1,00,89,838","12,52,86,23,904.20","1,55,065"
"10-Mar-2025","EQ","1,245.00","1,258.00","1,235.40","1,249.80","1,237.70","1,238.40","1,245.85","3,217.60","1,156.00","1,19,31,051","14,86,43,40,065.65","2,88,299"
"07-Mar-2025","EQ","1,216.00","1,254.80","1,212.00","1,209.60","1,246.40","1,249.80","1,243.95","3,217.60","1,156.00","1,64,74,965","20,49,40,65,096.80","4,24,924"
"06-Mar-2025","EQ","1,197.00","1,213.95","1,185.15","1,175.60","1,211.50","1,209.60","1,199.05","3,217.60","1,156.00","1,44,68,014","17,34,79,17,723.20","2,50,467"
"05-Mar-2025","EQ","1,161.00","1,183.00","1,157.00","1,161.90","1,177.15","1,175.60","1,173.40","3,217.60","1,156.00","86,64,095","10,16,64,51,492.55","1,96,774"
"04-Mar-2025","EQ","1,162.20","1,174.00","1,159.55","1,171.25","1,160.45","1,161.90","1,164.92","3,217.60","1,156.00","1,13,77,373","13,25,37,11,939.15","2,75,459"
"03-Mar-2025","EQ","1,204.00","1,206.45","1,156.00","1,200.10","1,174.00","1,171.25","1,168.57","3,217.60","1,156.00","1,79,44,938","20,96,99,45,818.55","6,82,013"
"28-Feb-2025","EQ","1,202.00","1,217.35","1,193.30","1,207.10","1,198.00","1,200.10","1,205.62","3,217.60","1,193.30","2,30,07,298","27,73,81,25,737.60","3,55,378"
"27-Feb-2025","EQ","1,212.80","1,215.00","1,200.65","1,204.00","1,208.00","1,207.10","1,206.31","3,217.60","1,193.35","1,15,09,215","13,88,36,37,029.45","2,36,188"
"25-Feb-2025","EQ","1,211.00","1,221.00","1,201.50","1,214.55","1,202.00","1,204.00","1,209.60","3,217.60","1,193.35","1,15,52,182","13,97,34,92,939.80","2,13,192"
"24-Feb-2025","EQ","1,216.55","1,223.25","1,210.50","1,228.15","1,215.00","1,214.55","1,215.90","3,217.60","1,193.35","71,72,498","8,72,10,21,715.35","2,00,264"
"21-Feb-2025","EQ","1,228.70","1,240.00","1,222.15","1,233.00","1,226.90","1,228.15","1,231.37","3,217.60","1,193.35","69,04,025","8,50,13,82,497.70","2,13,824"
"20-Feb-2025","EQ","1,223.95","1,239.35","1,222.00","1,227.45","1,232.00","1,233.00","1,233.94","3,217.60","1,193.35","77,95,582","9,61,92,77,166.50","1,62,561"
"19-Feb-2025","EQ","1,219.50","1,232.75","1,217.55","1,225.40","1,226.30","1,227.45","1,226.67","3,217.60","1,193.35","62,17,338","7,62,66,01,753.25","1,78,165"
"18-Feb-2025","EQ","1,224.85","1,229.90","1,216.10","1,224.90","1,223.95","1,225.40","1,223.94","3,217.60","1,193.35","66,73,250","8,16,76,61,853.95","1,81,273"
"17-Feb-2025","EQ","1,211.10","1,227.50","1,204.50","1,217.25","1,225.45","1,224.90","1,219.62","3,217.60","1,193.35","81,66,683","9,96,02,41,446.85","2,20,670"
"14-Feb-2025","EQ","1,219.00","1,224.00","1,205.45","1,216.10","1,214.75","1,217.25","1,215.10","3,217.60","1,193.35","1,02,98,145","12,51,32,77,266.75","2,02,314"
"13-Feb-2025","EQ","1,217.05","1,228.00","1,212.00","1,216.55","1,216.20","1,216.10","1,219.60","3,217.60","1,193.35","85,11,216","10,38,02,76,762.25","2,66,249"
"12-Feb-2025","EQ","1,219.45","1,226.90","1,193.35","1,234.85","1,217.05","1,216.55","1,211.39","3,217.60","1,193.35","2,11,31,654","25,59,86,19,531.25","4,04,276"
"11-Feb-2025","EQ","1,264.55","1,264.55","1,230.10","1,253.65","1,237.55","1,234.85","1,244.26","3,217.60","1,201.50","88,59,714","11,02,37,57,522.95","2,40,683"
"10-Feb-2025","EQ","1,264.50","1,266.50","1,245.55","1,266.70","1,254.65","1,253.65","1,251.52","3,217.60","1,201.50","69,70,972","8,72,42,86,360.55","1,73,316"
"07-Feb-2025","EQ","1,276.15","1,283.70","1,262.00","1,281.55","1,266.50","1,266.70","1,270.98","3,217.60","1,201.50","87,64,283","11,13,92,40,963.05","1,74,531"
"06-Feb-2025","EQ","1,273.70","1,288.00","1,270.35","1,278.20","1,283.00","1,281.55","1,279.27","3,217.60","1,201.50","99,56,001","12,73,63,85,821.45","2,17,888"
"05-Feb-2025","EQ","1,282.65","1,290.50","1,276.70","1,285.20","1,278.50","1,278.20","1,281.97","3,217.60","1,201.50","1,01,12,028","12,96,33,36,513.05","2,19,550"
"04-Feb-2025","EQ","1,248.05","1,288.80","1,246.60","1,245.90","1,282.90","1,285.20","1,273.65","3,217.60","1,201.50","1,66,91,069","21,25,84,96,964.75","3,23,415"
"03-Feb-2025","EQ","1,251.00","1,256.00","1,237.55","1,264.60","1,247.00","1,245.90","1,247.14","3,217.60","1,201.50","92,52,345","11,53,89,63,041.00","2,68,425"
"01-Feb-2025","EQ","1,265.10","1,270.55","1,241.00","1,265.10","1,264.00","1,264.60","1,260.42","3,217.60","1,201.50","71,18,453","8,97,22,48,877.35","1,43,258"
"31-Jan-2025","EQ","1,255.85","1,267.00","1,249.00","1,253.05","1,266.00","1,265.10","1,261.32","3,217.60","1,201.50","65,84,612","8,30,52,91,978.45","1,69,481"
"30-Jan-2025","EQ","1,235.55","1,257.00","1,232.40","1,235.50","1,253.15","1,253.05","1,249.15","3,217.60","1,201.50","92,69,259","11,57,86,93,152.95","2,27,871"
"29-Jan-2025","EQ","1,236.00","1,242.75","1,228.05","1,234.40","1,237.25","1,235.50","1,236.66","3,217.60","1,201.50","59,28,156","7,33,11,19,895.80","1,67,073"
"28-Jan-2025","EQ","1,238.00","1,244.75","1,218.50","1,229.35","1,235.00","1,234.40","1,232.65","3,217.60","1,201.50","1,05,68,025","13,02,66,73,067.35","2,86,863"
"27-Jan-2025","EQ","1,239.10","1,240.45","1,220.00","1,246.30","1,229.00","1,229.35","1,229.35","3,217.60","1,201.50","95,36,019","11,72,31,27,883.65","3,68,025"
"24-Jan-2025","EQ","1,266.00","1,273.00","1,243.50","1,263.65","1,244.45","1,246.30","1,252.27","3,217.60","1,201.50","1,42,35,970","17,82,72,72,395.00","2,63,461"
"23-Jan-2025","EQ","1,270.00","1,277.35","1,261.60","1,277.10","1,264.90","1,263.65","1,267.52","3,217.60","1,201.50","87,20,682","11,05,36,24,692.80","1,88,421"
"22-Jan-2025","EQ","1,278.30","1,282.90","1,268.70","1,273.70","1,278.00","1,277.10","1,276.09","3,217.60","1,201.50","1,02,73,590","13,11,00,04,094.65","2,39,816"
"21-Jan-2025","EQ","1,310.50","1,313.00","1,270.20","1,305.45","1,277.60","1,273.70","1,284.79","3,217.60","1,201.50","1,45,62,976","18,71,03,66,859.10","3,25,783"
"20-Jan-2025","EQ","1,316.00","1,316.00","1,300.25","1,302.35","1,304.00","1,305.45","1,307.82","3,217.60","1,201.50","1,40,40,244","18,36,20,47,246.70","2,80,553"
"17-Jan-2025","EQ","1,322.25","1,326.00","1,285.00","1,266.45","1,300.00","1,302.35","1,300.80","3,217.60","1,201.50","2,93,66,277","38,19,97,28,794.40","5,94,018"
"16-Jan-2025","EQ","1,258.90","1,275.00","1,251.30","1,252.20","1,275.00","1,266.45","1,262.86","3,217.60","1,201.50","1,41,17,603","17,82,84,86,685.90","2,07,451"
"15-Jan-2025","EQ","1,244.95","1,257.00","1,241.85","1,238.75","1,252.00","1,252.20","1,250.11","3,217.60","1,201.50","95,78,856","11,97,46,00,753.05","2,20,174"
"14-Jan-2025","EQ","1,244.10","1,253.35","1,227.25","1,239.85","1,239.00","1,238.75","1,236.46","3,217.60","1,201.50","1,30,95,266","16,19,17,65,836.20","2,78,977"
"13-Jan-2025","EQ","1,230.00","1,245.25","1,226.40","1,241.90","1,240.75","1,239.85","1,238.10","3,217.60","1,201.50","1,37,64,861","17,04,22,74,859.85","3,98,257"
"10-Jan-2025","EQ","1,253.85","1,256.75","1,236.00","1,254.75","1,245.55","1,241.90","1,245.97","3,217.60","1,201.50","81,20,332","10,11,76,85,547.70","3,40,024"
"09-Jan-2025","EQ","1,267.00","1,269.75","1,248.05","1,265.50","1,256.80","1,254.75","1,257.46","3,217.60","1,201.50","1,27,94,704","16,08,88,82,554.20","3,90,501"
"08-Jan-2025","EQ","1,249.00","1,271.05","1,245.35","1,240.85","1,261.35","1,265.50","1,263.24","3,217.60","1,201.50","1,93,46,579","24,43,93,45,120.55","5,31,488"
"07-Jan-2025","EQ","1,222.00","1,244.50","1,221.25","1,218.00","1,239.95","1,240.85","1,237.63","3,217.60","1,201.50","1,00,70,505","12,46,35,97,633.45","2,16,620"
"06-Jan-2025","EQ","1,253.95","1,262.00","1,215.00","1,251.15","1,216.25","1,218.00","1,235.67","3,217.60","1,201.50","1,48,16,766","18,30,86,52,263.95","3,17,843"
"03-Jan-2025","EQ","1,243.90","1,262.05","1,235.50","1,241.80","1,249.85","1,251.15","1,250.34","3,217.60","1,201.50","1,55,21,102","19,40,67,15,598.75","2,77,290"
"02-Jan-2025","EQ","1,221.25","1,244.45","1,220.00","1,221.25","1,240.55","1,241.80","1,234.32","3,217.60","1,201.50","1,54,86,276","19,11,50,27,208.35","2,71,108"
"01-Jan-2025","EQ","1,214.85","1,226.30","1,211.60","1,215.45","1,222.75","1,221.25","1,221.01","3,217.60","1,201.50","58,92,590","7,19,48,99,836.45","1,38,528"
"31-Dec-2024","EQ","1,208.00","1,219.10","1,206.15","1,210.70","1,216.40","1,215.45","1,213.08","3,217.60","1,201.50","64,05,475","7,77,03,38,353.90","1,80,916"
"30-Dec-2024","EQ","1,216.40","1,223.20","1,208.10","1,221.05","1,211.50","1,210.70","1,214.71","3,217.60","1,201.50","88,18,766","10,71,22,29,377.50","3,08,317"
"27-Dec-2024","EQ","1,218.30","1,227.90","1,217.00","1,216.55","1,221.50","1,221.05","1,223.20","3,217.60","1,201.50","70,00,397","8,56,28,95,530.20","1,74,882"
"26-Dec-2024","EQ","1,224.25","1,227.70","1,214.25","1,222.75","1,217.00","1,216.55","1,219.74","3,217.60","1,201.50","1,00,16,178","12,21,71,76,986.80","2,56,436"
"24-Dec-2024","EQ","1,222.30","1,233.55","1,221.00","1,222.30","1,224.20","1,222.75","1,227.14","3,217.60","1,201.50","67,34,917","8,26,46,75,853.25","2,07,746"
"23-Dec-2024","EQ","1,215.00","1,227.20","1,213.20","1,205.30","1,223.85","1,222.30","1,219.77","3,217.60","1,201.50","1,00,52,824","12,26,20,91,651.05","2,58,756"
"20-Dec-2024","EQ","1,224.00","1,239.50","1,201.50","1,230.45","1,206.00","1,205.30","1,215.95","3,217.60","1,201.50","2,03,12,896","24,69,94,97,247.50","4,99,900"
"19-Dec-2024","EQ","1,239.00","1,244.90","1,229.00","1,253.25","1,230.50","1,230.45","1,235.73","3,217.60","1,217.25","1,42,44,653","17,60,25,40,036.00","5,03,893"
"18-Dec-2024","EQ","1,240.65","1,259.95","1,240.65","1,245.30","1,254.35","1,253.25","1,252.58","3,217.60","1,217.25","1,26,70,179","15,87,03,98,087.10","2,66,155"
"17-Dec-2024","EQ","1,261.05","1,263.90","1,242.80","1,268.30","1,244.70","1,245.30","1,249.22","3,217.60","1,217.25","1,74,62,791","21,81,47,94,516.85","4,81,698"
"16-Dec-2024","EQ","1,275.00","1,281.00","1,266.55","1,272.85","1,268.40","1,268.30","1,271.94","3,217.60","1,217.25","94,86,781","12,06,66,29,924.30","2,24,571"
"13-Dec-2024","EQ","1,260.00","1,275.20","1,239.60","1,262.90","1,274.45","1,272.85","1,257.50","3,217.60","1,217.25","2,86,30,222","36,00,26,21,429.30","4,82,467"
"12-Dec-2024","EQ","1,270.00","1,278.20","1,260.60","1,278.20","1,261.30","1,262.90","1,265.58","3,217.60","1,217.25","2,09,06,813","26,45,91,66,488.55","3,63,205"
"11-Dec-2024","EQ","1,285.00","1,290.00","1,276.05","1,284.85","1,279.00","1,278.20","1,282.33","3,217.60","1,217.25","1,17,24,373","15,03,44,57,832.65","2,72,365"
"10-Dec-2024","EQ","1,289.25","1,294.90","1,280.20","1,295.15","1,285.95","1,284.85","1,286.46","3,217.60","1,217.25","1,60,43,729","20,63,95,94,557.20","4,56,341"
"09-Dec-2024","EQ","1,303.00","1,315.00","1,293.10","1,311.55","1,296.40","1,295.15","1,304.10","3,217.60","1,217.25","1,46,50,002","19,10,51,10,924.90","2,02,850"
"06-Dec-2024","EQ","1,323.90","1,323.90","1,310.00","1,322.05","1,311.60","1,311.55","1,314.49","3,217.60","1,217.25","90,37,514","11,87,97,01,933.90","1,93,736"
"05-Dec-2024","EQ","1,314.35","1,329.95","1,306.15","1,308.95","1,320.90","1,322.05","1,319.78","3,217.60","1,217.25","1,68,58,723","22,24,98,86,629.55","3,09,667"
"04-Dec-2024","EQ","1,326.00","1,328.40","1,304.05","1,323.30","1,309.50","1,308.95","1,310.74","3,217.60","1,217.25","1,96,08,540","25,70,17,43,568.80","2,50,873"
"03-Dec-2024","EQ","1,317.00","1,326.80","1,307.00","1,309.15","1,325.05","1,323.30","1,320.68","3,217.60","1,217.25","1,68,69,482","22,27,92,47,257.55","3,49,204"
"02-Dec-2024","EQ","1,288.00","1,311.35","1,277.05","1,292.20","1,310.60","1,309.15","1,298.60","3,217.60","1,217.25","1,10,24,152","14,31,59,72,962.55","2,72,825"
"29-Nov-2024","EQ","1,280.00","1,299.50","1,275.25","1,270.80","1,291.50","1,292.20","1,290.83","3,217.60","1,217.25","1,32,02,307","17,04,19,75,591.70","2,80,529"
"28-Nov-2024","EQ","1,289.95","1,296.60","1,269.05","1,293.20","1,272.75","1,270.80","1,280.74","3,217.60","1,217.25","1,50,27,412","19,24,61,53,609.30","3,11,959"
"27-Nov-2024","EQ","1,293.50","1,303.85","1,286.00","1,295.70","1,293.40","1,293.20","1,293.84","3,217.60","1,217.25","95,72,746","12,38,56,14,506.45","1,96,614"
"26-Nov-2024","EQ","1,294.95","1,297.85","1,284.20","1,287.00","1,295.60","1,295.70","1,292.03","3,217.60","1,217.25","92,47,557","11,94,81,33,607.60","2,18,738"
"25-Nov-2024","EQ","1,290.00","1,304.45","1,282.45","1,265.40","1,290.95","1,287.00","1,291.52","3,217.60","1,217.25","2,89,23,341","37,35,50,89,803.05","3,90,544"
"22-Nov-2024","EQ","1,229.40","1,268.85","1,222.45","1,223.00","1,264.00","1,265.40","1,247.09","3,217.60","1,217.25","2,04,71,957","25,53,04,60,769.30","3,23,219"
"21-Nov-2024","EQ","1,241.65","1,243.95","1,217.25","1,241.65","1,220.45","1,223.00","1,224.92","3,217.60","1,217.25","1,94,33,843","23,80,49,02,094.90","5,53,410"
"19-Nov-2024","EQ","1,260.75","1,281.50","1,235.15","1,260.75","1,237.40","1,241.65","1,265.50","3,217.60","1,235.15","1,41,83,746","17,94,94,63,404.35","3,55,649"
"18-Nov-2024","EQ","1,267.60","1,272.90","1,243.90","1,267.60","1,259.15","1,260.75","1,258.64","3,217.60","1,243.90","1,36,20,611","17,14,35,01,436.40","3,01,906"
"14-Nov-2024","EQ","1,253.60","1,272.60","1,251.10","1,252.05","1,266.90","1,267.60","1,263.73","3,217.60","1,249.50","1,26,12,633","15,93,89,29,092.75","3,01,253"
"13-Nov-2024","EQ","1,270.25","1,275.45","1,249.50","1,274.25","1,252.70","1,252.05","1,258.62","3,217.60","1,249.50","1,46,33,633","18,41,82,08,535.90","4,69,215"
"12-Nov-2024","EQ","1,275.55","1,289.30","1,267.50","1,272.70","1,269.50","1,274.25","1,277.82","3,217.60","1,267.00","1,06,71,091","13,63,56,94,812.30","2,99,780"
"11-Nov-2024","EQ","1,278.95","1,286.00","1,267.00","1,283.75","1,273.40","1,272.70","1,275.44","3,217.60","1,267.00","90,56,552","11,55,10,68,872.50","2,86,019"
"08-Nov-2024","EQ","1,297.65","1,301.65","1,275.00","1,305.65","1,280.20","1,283.75","1,284.01","3,217.60","1,275.00","1,98,14,406","25,44,19,00,935.60","4,77,001"
"07-Nov-2024","EQ","1,324.00","1,324.00","1,302.60","1,325.35","1,305.00","1,305.65","1,308.97","3,217.60","1,285.10","96,11,974","12,58,18,00,339.00","2,61,277"
"06-Nov-2024","EQ","1,310.00","1,328.30","1,300.20","1,305.30","1,326.00","1,325.35","1,315.57","3,217.60","1,285.10","2,16,25,209","28,44,95,04,045.35","3,49,627"
"05-Nov-2024","EQ","1,293.00","1,309.55","1,286.15","1,302.15","1,307.50","1,305.30","1,297.87","3,217.60","1,285.10","1,62,67,479","21,11,31,19,455.50","3,71,758"
"04-Nov-2024","EQ","1,337.85","1,340.00","1,285.10","1,338.65","1,298.50","1,302.15","1,301.44","3,217.60","1,285.10","1,97,96,890","25,76,44,50,096.55","5,54,958"
"01-Nov-2024","EQ","1,333.05","1,341.95","1,333.00","1,332.05","1,338.40","1,338.65","1,338.89","3,217.60","1,320.30","21,27,335","2,84,82,64,119.80","1,27,374"
"31-Oct-2024","EQ","1,340.00","1,343.00","1,326.15","1,343.90","1,332.00","1,332.05","1,334.14","3,217.60","1,320.30","93,31,650","12,44,97,44,606.90","4,14,741"
"30-Oct-2024","EQ","1,335.00","1,350.00","1,325.35","1,340.00","1,344.85","1,343.90","1,341.16","3,217.60","1,320.30","1,19,84,423","16,07,30,73,274.15","2,95,954"
"29-Oct-2024","EQ","1,328.10","1,343.20","1,320.30","1,334.35","1,340.00","1,340.00","1,331.46","3,217.60","1,320.30","1,20,08,361","15,98,86,83,034.00","4,36,915"
"28-Oct-2024","EQ","1,337.00","1,353.00","1,322.10","2,655.70","1,335.00","1,334.35","1,337.70","3,217.60","1,322.10","1,08,24,350","14,47,97,33,719.25","3,68,817"
"25-Oct-2024","EQ","2,687.00","2,688.70","2,644.00","2,679.60","2,656.30","2,655.70","2,659.80","3,217.60","2,220.30","92,98,748","24,73,28,26,126.10","3,88,238"
"24-Oct-2024","EQ","2,670.55","2,687.40","2,646.25","2,677.05","2,678.90","2,679.60","2,668.53","3,217.60","2,220.30","1,10,77,967","29,56,19,35,442.55","3,45,601"
"23-Oct-2024","EQ","2,675.00","2,714.95","2,670.00","2,686.70","2,682.35","2,677.05","2,688.32","3,217.60","2,220.30","86,07,371","23,13,93,46,660.10","3,37,356"
"22-Oct-2024","EQ","2,738.40","2,752.00","2,680.45","2,738.40","2,684.15","2,686.70","2,707.80","3,217.60","2,220.30","79,15,980","21,43,48,71,569.75","3,63,161"
"21-Oct-2024","EQ","2,734.25","2,748.00","2,715.45","2,718.60","2,736.00","2,738.40","2,734.41","3,217.60","2,220.30","70,33,704","19,23,30,63,988.40","2,28,845"
"18-Oct-2024","EQ","2,704.35","2,736.85","2,682.65","2,712.85","2,717.00","2,718.60","2,713.87","3,217.60","2,220.30","60,41,226","16,39,51,16,698.50","2,95,032"
"17-Oct-2024","EQ","2,731.40","2,736.90","2,704.10","2,708.15","2,713.30","2,712.85","2,718.84","3,217.60","2,220.30","77,71,830","21,13,03,92,926.65","3,83,984"
"16-Oct-2024","EQ","2,680.00","2,728.00","2,675.25","2,688.05","2,709.40","2,708.15","2,696.84","3,217.60","2,220.30","1,00,17,219","27,01,48,52,678.00","3,56,705"
"15-Oct-2024","EQ","2,717.05","2,743.40","2,681.40","2,745.05","2,688.60","2,688.05","2,708.71","3,217.60","2,220.30","1,68,81,397","45,72,68,23,453.35","6,02,869"
"14-Oct-2024","EQ","2,758.90","2,760.15","2,736.50","2,744.20","2,745.50","2,745.05","2,746.12","3,217.60","2,220.30","61,10,716","16,78,07,32,590.05","2,33,903"
"11-Oct-2024","EQ","2,740.00","2,766.55","2,737.65","2,742.10","2,749.00","2,744.20","2,751.19","3,217.60","2,220.30","39,90,061","10,97,74,31,923.95","1,97,702"
"10-Oct-2024","EQ","2,760.05","2,772.00","2,738.85","2,749.20","2,742.50","2,742.10","2,749.69","3,217.60","2,220.30","1,11,79,323","30,73,96,75,824.55","3,64,305"
"09-Oct-2024","EQ","2,795.05","2,801.95","2,745.00","2,794.70","2,748.00","2,749.20","2,773.49","3,217.60","2,220.30","71,55,305","19,84,51,68,137.95","3,58,324"
"08-Oct-2024","EQ","2,745.95","2,802.00","2,730.20","2,741.45","2,798.95","2,794.70","2,768.60","3,217.60","2,220.30","85,10,404","23,56,19,05,588.15","3,58,981"
"07-Oct-2024","EQ","2,787.00","2,793.00","2,722.75","2,773.05","2,740.70","2,741.45","2,750.92","3,217.60","2,220.30","1,10,90,670","30,50,95,18,408.05","4,23,167"
"04-Oct-2024","EQ","2,807.85","2,834.70","2,763.55","2,813.95","2,771.50","2,773.05","2,796.15","3,217.60","2,220.30","1,85,36,438","51,83,07,08,670.55","5,34,690"
"03-Oct-2024","EQ","2,873.15","2,898.80","2,804.15","2,929.65","2,813.95","2,813.95","2,846.93","3,217.60","2,220.30","1,88,78,647","53,74,62,34,225.65","6,89,559"
"01-Oct-2024","EQ","2,961.30","2,975.90","2,925.65","2,953.15","2,927.00","2,929.65","2,938.60","3,217.60","2,220.30","82,15,821","24,14,29,92,536.60","3,30,546"
"30-Sep-2024","EQ","3,038.80","3,049.95","2,948.80","3,052.35","2,958.00","2,953.15","2,977.44","3,217.60","2,220.30","1,35,04,407","40,20,86,25,079.45","4,31,656"
"27-Sep-2024","EQ","2,998.00","3,066.95","2,984.00","2,995.90","3,047.05","3,052.35","3,024.87","3,217.60","2,220.30","1,02,98,739","31,15,23,28,126.20","3,28,612"
"26-Sep-2024","EQ","2,981.30","3,008.00","2,976.10","2,987.90","3,008.00","2,995.90","2,994.82","3,217.60","2,220.30","94,09,499","28,17,97,60,605.20","2,59,792"
"25-Sep-2024","EQ","2,967.80","2,993.00","2,960.40","2,978.75","2,988.05","2,987.90","2,976.46","3,217.60","2,220.30","35,34,501","10,52,02,89,097.25","1,54,120"
"24-Sep-2024","EQ","2,977.00","3,001.00","2,975.75","2,986.75","2,980.50","2,978.75","2,986.14","3,217.60","2,220.30","85,68,722","25,58,74,44,695.30","2,01,586"
"23-Sep-2024","EQ","2,982.00","3,003.00","2,977.90","2,971.85","2,985.00","2,986.75","2,990.93","3,217.60","2,220.30","44,16,157","13,20,84,20,985.10","1,46,805"
"20-Sep-2024","EQ","2,948.00","2,990.00","2,942.75","2,939.35","2,972.10","2,971.85","2,970.54","3,217.60","2,220.30","1,54,48,660","45,89,08,94,255.50","3,79,677"
"19-Sep-2024","EQ","2,932.50","2,953.00","2,911.10","2,926.90","2,940.00","2,939.35","2,934.14","3,217.60","2,220.30","84,77,951","24,87,55,02,062.25","2,59,931"
"18-Sep-2024","EQ","2,940.00","2,964.00","2,921.10","2,944.60","2,923.00","2,926.90","2,939.96","3,217.60","2,220.30","42,87,357","12,60,46,50,688.95","1,79,852"
"17-Sep-2024","EQ","2,948.00","2,954.95","2,933.25","2,942.70","2,945.00","2,944.60","2,943.09","3,217.60","2,220.30","29,67,664","8,73,41,02,749.70","1,48,458"
"16-Sep-2024","EQ","2,955.10","2,961.80","2,929.50","2,945.25","2,944.35","2,942.70","2,944.45","3,217.60","2,220.30","27,40,887","8,07,04,08,899.55","1,27,429"
"13-Sep-2024","EQ","2,952.80","2,966.30","2,939.00","2,959.60","2,946.50","2,945.25","2,951.65","3,217.60","2,220.30","43,55,664","12,85,63,98,757.55","1,33,244"
"12-Sep-2024","EQ","2,914.00","2,972.00","2,891.75","2,903.00","2,953.00","2,959.60","2,930.24","3,217.60","2,220.30","1,11,74,688","32,74,44,74,466.75","3,65,694"
"11-Sep-2024","EQ","2,926.10","2,937.50","2,895.10","2,923.05","2,904.45","2,903.00","2,917.10","3,217.60","2,220.30","48,80,101","14,23,57,32,813.00","2,54,431"
"10-Sep-2024","EQ","2,921.00","2,944.10","2,915.15","2,924.90","2,924.00","2,923.05","2,928.75","3,217.60","2,220.30","53,84,130","15,76,87,77,163.00","1,86,858"
"09-Sep-2024","EQ","2,933.00","2,939.85","2,911.20","2,929.65","2,927.00","2,924.90","2,923.84","3,217.60","2,220.30","45,05,149","13,17,23,42,172.80","1,79,506"
"06-Sep-2024","EQ","2,985.00","2,994.00","2,923.25","2,985.95","2,930.95","2,929.65","2,938.97","3,217.60","2,220.30","96,97,114","28,49,94,95,837.10","4,47,718"
"05-Sep-2024","EQ","3,038.10","3,051.55","2,974.10","3,029.10","2,991.00","2,985.95","3,007.10","3,217.60","2,220.30","81,32,084","24,45,39,50,049.65","3,43,225"
"04-Sep-2024","EQ","3,001.40","3,035.00","2,999.00","3,018.25","3,031.95","3,029.10","3,023.30","3,217.60","2,220.30","59,91,652","18,11,45,82,555.90","2,52,191"
"03-Sep-2024","EQ","3,042.50","3,046.00","3,015.00","3,032.50","3,018.90","3,018.25","3,026.09","3,217.60","2,220.30","54,61,900","16,52,81,93,207.35","2,26,578"
"02-Sep-2024","EQ","3,021.75","3,053.60","3,013.25","3,019.25","3,034.40","3,032.50","3,034.10","3,217.60","2,220.30","56,20,426","17,05,29,33,370.55","2,80,541"
"30-Aug-2024","EQ","3,068.00","3,079.45","3,006.65","3,041.85","3,024.95","3,019.25","3,026.71","3,217.60","2,220.30","2,08,10,365","62,98,70,09,675.80","5,99,570"
"29-Aug-2024","EQ","3,006.20","3,074.00","2,988.00","2,996.60","3,042.90","3,041.85","3,038.57","3,217.60","2,220.30","1,91,67,679","58,24,23,37,590.95","5,70,843"
"28-Aug-2024","EQ","3,010.00","3,014.95","2,986.00","3,000.90","2,999.00","2,996.60","2,999.57","3,217.60","2,220.30","48,05,143","14,41,33,56,125.80","2,00,883"
"27-Aug-2024","EQ","3,021.00","3,026.95","2,998.90","3,025.20","3,001.00","3,000.90","3,008.12","3,217.60","2,220.30","31,25,578","9,40,21,08,149.05","1,01,024"
"26-Aug-2024","EQ","3,013.95","3,046.00","3,006.00","2,999.95","3,021.20","3,025.20","3,028.80","3,217.60","2,220.30","44,08,057","13,35,11,14,538.35","2,37,540"
"23-Aug-2024","EQ","3,007.50","3,022.65","2,996.85","2,996.25","2,996.85","2,999.95","3,007.21","3,217.60","2,220.30","46,24,827","13,90,78,42,193.30","1,68,002"
"22-Aug-2024","EQ","3,006.00","3,013.00","2,981.30","2,997.35","2,996.50","2,996.25","2,994.88","3,217.60","2,220.30","52,22,891","15,64,19,35,953.20","2,33,216"
"21-Aug-2024","EQ","2,986.50","3,015.75","2,980.00","2,991.90","2,999.00","2,997.35","3,001.42","3,217.60","2,220.30","38,84,998","11,66,05,26,038.60","1,41,353"
"20-Aug-2024","EQ","2,994.45","3,007.85","2,980.05","2,976.80","2,986.50","2,991.90","2,996.98","3,217.60","2,220.30","42,05,904","12,60,50,24,714.40","1,75,516"
"19-Aug-2024","EQ","2,965.00","2,996.60","2,961.00","2,956.40","2,979.00","2,976.80","2,980.25","3,217.60","2,220.30","68,98,871","20,56,03,27,724.60","2,00,328"
"16-Aug-2024","EQ","2,937.30","2,960.80","2,916.10","2,923.70","2,957.75","2,956.40","2,944.77","3,217.60","2,220.30","47,08,451","13,86,53,25,209.75","1,87,365"
"14-Aug-2024","EQ","2,927.10","2,944.00","2,907.40","2,927.25","2,920.10","2,923.70","2,925.78","3,217.60","2,220.30","31,33,733","9,16,86,16,380.80","1,85,733"
"13-Aug-2024","EQ","2,921.50","2,940.15","2,916.00","2,921.25","2,925.00","2,927.25","2,928.29","3,217.60","2,220.30","31,32,532","9,17,29,71,802.70","1,34,517"
"12-Aug-2024","EQ","2,940.00","2,946.00","2,915.50","2,948.60","2,923.00","2,921.25","2,929.82","3,217.60","2,220.30","40,92,292","11,98,96,80,025.65","1,88,301"
"09-Aug-2024","EQ","2,920.00","2,953.00","2,912.00","2,898.25","2,946.10","2,948.60","2,939.20","3,217.60","2,220.30","31,24,888","9,18,46,80,574.05","1,50,169"
"08-Aug-2024","EQ","2,915.05","2,930.00","2,891.85","2,929.65","2,896.45","2,898.25","2,905.69","3,217.60","2,220.30","61,93,596","17,99,66,62,105.65","2,55,138"
"07-Aug-2024","EQ","2,938.00","2,945.00","2,923.00","2,912.10","2,930.00","2,929.65","2,930.89","3,217.60","2,220.30","40,87,284","11,97,93,63,870.55","2,76,362"
"06-Aug-2024","EQ","2,910.30","2,955.00","2,902.65","2,894.65","2,915.55","2,912.10","2,929.53","3,217.60","2,220.30","51,18,093","14,99,35,89,440.05","1,97,549"
"05-Aug-2024","EQ","2,960.00","2,967.80","2,866.50","2,998.65","2,896.00","2,894.65","2,901.81","3,217.60","2,220.30","85,23,352","24,73,31,28,212.00","4,48,630"
"02-Aug-2024","EQ","3,010.00","3,018.65","2,986.55","3,030.60","2,992.00","2,998.65","3,001.82","3,217.60","2,220.30","51,34,124","15,41,16,92,078.15","1,76,635"
"01-Aug-2024","EQ","3,024.00","3,036.00","3,008.60","3,010.85","3,035.90","3,030.60","3,025.50","3,217.60","2,220.30","53,82,111","16,28,35,66,572.30","2,19,081"
"31-Jul-2024","EQ","3,008.00","3,020.90","3,002.30","3,026.30","3,009.00","3,010.85","3,010.83","3,217.60","2,220.30","50,28,673","15,14,04,71,169.85","2,01,961"
"30-Jul-2024","EQ","3,034.05","3,050.00","3,020.00","3,040.20","3,023.00","3,026.30","3,033.38","3,217.60","2,220.30","41,14,104","12,47,96,37,390.30","1,84,296"
"29-Jul-2024","EQ","3,023.90","3,055.00","3,023.55","3,018.05","3,038.25","3,040.20","3,038.43","3,217.60","2,220.30","37,69,275","11,45,26,61,155.40","1,70,155"
"26-Jul-2024","EQ","2,984.80","3,024.85","2,980.70","2,984.80","3,018.60","3,018.05","3,012.08","3,217.60","2,220.30","49,29,970","14,84,94,80,970.80","1,80,757"
"25-Jul-2024","EQ","2,962.00","3,000.95","2,954.15","2,991.40","2,988.35","2,984.80","2,980.72","3,217.60","2,220.30","62,59,938","18,65,91,22,151.40","2,21,753"
"24-Jul-2024","EQ","2,970.00","3,019.00","2,952.80","2,975.80","2,988.00","2,991.40","2,987.68","3,217.60","2,220.30","59,56,681","17,79,66,51,407.60","2,32,120"
"23-Jul-2024","EQ","3,002.00","3,011.50","2,926.00","3,001.35","2,970.05","2,975.80","2,969.60","3,217.60","2,220.30","90,26,022","26,80,36,49,945.60","3,84,359"
"22-Jul-2024","EQ","3,074.50","3,075.00","2,998.55","3,110.30","3,004.00","3,001.35","3,016.24","3,217.60","2,220.30","98,37,188","29,67,13,39,998.45","4,65,224"